{
  "metadata": {
    "model_path": "models/unified/rn_vocab_seed42",
    "test_data_path": "data/test_rewritten.jsonl",
    "n_examples": 230,
    "n_layers": 24,
    "exit_layers": [
      11,
      14,
      15,
      16,
      17,
      18,
      20,
      23
    ],
    "model_type": "rn_baseline"
  },
  "per_layer": {
    "11": {
      "accuracy": 0.5260869565217391,
      "auc": 0.19868830085677455,
      "mean_latency_ms": 32.85900888006216,
      "p50_latency_ms": 31.660288494701188,
      "p95_latency_ms": 39.695454381095864,
      "mean_confidence": 0.8179682684981304,
      "depth_pct": 50.0,
      "layers_used": 12,
      "layers_skipped": 12
    },
    "14": {
      "accuracy": 0.4782608695652174,
      "auc": 0.7354234589430587,
      "mean_latency_ms": 38.66648595523684,
      "p50_latency_ms": 38.201560809587434,
      "p95_latency_ms": 45.7108405418694,
      "mean_confidence": 0.7275246778260107,
      "depth_pct": 62.5,
      "layers_used": 15,
      "layers_skipped": 9
    },
    "15": {
      "accuracy": 0.6608695652173913,
      "auc": 0.7721965274092047,
      "mean_latency_ms": 41.75437053840985,
      "p50_latency_ms": 40.37667259884377,
      "p95_latency_ms": 50.192899947675556,
      "mean_confidence": 0.5834435807621997,
      "depth_pct": 66.66666666666666,
      "layers_used": 16,
      "layers_skipped": 8
    },
    "16": {
      "accuracy": 0.5260869565217391,
      "auc": 0.9395329441201001,
      "mean_latency_ms": 43.23751624619616,
      "p50_latency_ms": 42.3464912455529,
      "p95_latency_ms": 52.02083960951616,
      "mean_confidence": 0.8224887130053147,
      "depth_pct": 70.83333333333334,
      "layers_used": 17,
      "layers_skipped": 7
    },
    "17": {
      "accuracy": 0.5304347826086957,
      "auc": 0.9321025096671469,
      "mean_latency_ms": 38.16753653741941,
      "p50_latency_ms": 35.66210732484857,
      "p95_latency_ms": 51.390823388161756,
      "mean_confidence": 0.7980302442675051,
      "depth_pct": 75.0,
      "layers_used": 18,
      "layers_skipped": 6
    },
    "18": {
      "accuracy": 0.6,
      "auc": 0.93839563272424,
      "mean_latency_ms": 36.91391464781717,
      "p50_latency_ms": 36.886702602108315,
      "p95_latency_ms": 39.33016705171516,
      "mean_confidence": 0.7516019551650338,
      "depth_pct": 79.16666666666666,
      "layers_used": 19,
      "layers_skipped": 5
    },
    "20": {
      "accuracy": 0.9043478260869565,
      "auc": 0.9561756008795209,
      "mean_latency_ms": 40.2358060479974,
      "p50_latency_ms": 40.331273029247924,
      "p95_latency_ms": 43.14017687768986,
      "mean_confidence": 0.8797093401784483,
      "depth_pct": 87.5,
      "layers_used": 21,
      "layers_skipped": 3
    },
    "23": {
      "accuracy": 0.8826086956521739,
      "auc": 0.9619758889984078,
      "mean_latency_ms": 44.99295600419998,
      "p50_latency_ms": 45.33459199592471,
      "p95_latency_ms": 47.520199666420616,
      "mean_confidence": 0.9170376733593318,
      "depth_pct": 100.0,
      "layers_used": 24,
      "layers_skipped": 0
    }
  },
  "full_forward": {
    "accuracy": 0.8826086956521739,
    "auc": 0.9619758889984078,
    "mean_latency_ms": 45.182490736192115,
    "p50_latency_ms": 45.31916378376384,
    "p95_latency_ms": 47.61702233615021
  }
}