{
  "baseline-10ep": {
    "accuracy": 0.6434782608695652,
    "auc": 0.9670937902797786,
    "n": 230
  },
  "random-token": {
    "accuracy": 0.908695652173913,
    "auc": 0.974903328531352,
    "n": 230
  },
  "single-token": {
    "accuracy": 0.5260869565217391,
    "auc": 0.5222533929789976,
    "n": 230
  }
}