{
  "metadata": {
    "model_path": "models/ablations_M/random-seminit_seed42",
    "model_type": "random",
    "test_data_path": "data/test_rewritten.jsonl",
    "n_examples": 230,
    "n_layers": 24,
    "exit_layers": [
      14,
      15,
      16,
      17,
      18,
      20,
      23
    ]
  },
  "per_layer": {
    "14": {
      "accuracy": 0.5260869565217391,
      "auc": 0.8190158465387823,
      "mean_latency_ms": 41.931305045558915,
      "p50_latency_ms": 41.302386205643415,
      "p95_latency_ms": 50.59024225920438,
      "mean_confidence": 0.9318309304506882,
      "depth_pct": 62.5,
      "layers_used": 15,
      "layers_skipped": 9
    },
    "15": {
      "accuracy": 0.5260869565217391,
      "auc": 0.8742512699977255,
      "mean_latency_ms": 43.37916871586787,
      "p50_latency_ms": 43.05106455770631,
      "p95_latency_ms": 51.03635548924406,
      "mean_confidence": 0.994113555421,
      "depth_pct": 66.66666666666666,
      "layers_used": 16,
      "layers_skipped": 8
    },
    "16": {
      "accuracy": 0.8260869565217391,
      "auc": 0.9043521116081584,
      "mean_latency_ms": 45.5168955574703,
      "p50_latency_ms": 45.06288034220536,
      "p95_latency_ms": 52.197300006325044,
      "mean_confidence": 0.6128299498039743,
      "depth_pct": 70.83333333333334,
      "layers_used": 17,
      "layers_skipped": 7
    },
    "17": {
      "accuracy": 0.5260869565217391,
      "auc": 0.9238759572370915,
      "mean_latency_ms": 53.753356108495936,
      "p50_latency_ms": 51.76510048719744,
      "p95_latency_ms": 69.82154508586973,
      "mean_confidence": 0.8625175755956899,
      "depth_pct": 75.0,
      "layers_used": 18,
      "layers_skipped": 6
    },
    "18": {
      "accuracy": 0.7086956521739131,
      "auc": 0.92668132534688,
      "mean_latency_ms": 53.326146926838845,
      "p50_latency_ms": 51.752081916977964,
      "p95_latency_ms": 65.54060372679184,
      "mean_confidence": 0.6632967640524325,
      "depth_pct": 79.16666666666666,
      "layers_used": 19,
      "layers_skipped": 5
    },
    "20": {
      "accuracy": 0.4956521739130435,
      "auc": 0.9134885131549019,
      "mean_latency_ms": 58.12128473316198,
      "p50_latency_ms": 56.721530544261135,
      "p95_latency_ms": 70.37871557598312,
      "mean_confidence": 0.7888518937256025,
      "depth_pct": 87.5,
      "layers_used": 21,
      "layers_skipped": 3
    },
    "23": {
      "accuracy": 0.6782608695652174,
      "auc": 0.9005231632420958,
      "mean_latency_ms": 61.92941604033653,
      "p50_latency_ms": 60.93948202518125,
      "p95_latency_ms": 69.4885702881341,
      "mean_confidence": 0.8037357294041177,
      "depth_pct": 100.0,
      "layers_used": 24,
      "layers_skipped": 0
    }
  },
  "full_forward": {
    "accuracy": 0.6782608695652174,
    "auc": 0.9005231632420958,
    "mean_latency_ms": 60.65134450833759,
    "p50_latency_ms": 60.29633820677797,
    "p95_latency_ms": 67.74796072859317
  }
}