{
  "model_path": "/home/biff/eng/ollm/models/k2_love_ddc_a065_seed456",
  "test_data_path": "data/k2_love/O/test.jsonl",
  "n_test": 230,
  "run_config": {
    "task": "k2_love",
    "variant": "ddc",
    "alpha": 0.65,
    "vocab_mode": null,
    "seed": 456,
    "n_classes": 2,
    "labels": [
      "romantic",
      "non-romantic"
    ]
  },
  "timestamp": "2026-02-04T15:20:33.528373",
  "evaluations": {
    "basic": {
      "mode": "basic",
      "accuracy": 0.9347826086956522,
      "correct": 215,
      "total": 230,
      "per_class_accuracy": {
        "romantic": 0.9173553719008265,
        "non-romantic": 0.9541284403669725
      },
      "auc": 0.9846083857760254,
      "auc_type": "binary",
      "positive_class": "romantic",
      "confusion_matrix": [
        [
          111,
          10
        ],
        [
          5,
          104
        ]
      ],
      "label_order": [
        "romantic",
        "non-romantic"
      ]
    },
    "calibration": {
      "mode": "calibration",
      "ece": 0.05012734960636897,
      "mce": 0.10886124182713641,
      "brier_score": 0.1177713670848553,
      "n_bins": 10,
      "bin_data": [
        {
          "bin_lower": 0.5,
          "bin_upper": 0.6000000000000001,
          "count": 2,
          "avg_confidence": 0.5292593887814678,
          "avg_accuracy": 0.5,
          "error": 0.029259388781467832
        },
        {
          "bin_lower": 0.7000000000000001,
          "bin_upper": 0.8,
          "count": 4,
          "avg_confidence": 0.7491291707280262,
          "avg_accuracy": 0.75,
          "error": 0.0008708292719737942
        },
        {
          "bin_lower": 0.8,
          "bin_upper": 0.9,
          "count": 4,
          "avg_confidence": 0.8588612418271364,
          "avg_accuracy": 0.75,
          "error": 0.10886124182713641
        },
        {
          "bin_lower": 0.9,
          "bin_upper": 1.0,
          "count": 220,
          "avg_confidence": 0.9955992879432067,
          "avg_accuracy": 0.9454545454545454,
          "error": 0.0501447424886613
        }
      ],
      "mean_confidence": 0.9848796685882133,
      "mean_accuracy": 0.9347826086956522
    },
    "layerwise": {
      "mode": "layerwise",
      "n_layers": 24,
      "layer_metrics": {
        "0": {
          "accuracy": 0.5260869565217391,
          "auc": 0.5,
          "auc_type": "binary",
          "positive_class": "romantic"
        },
        "1": {
          "accuracy": 0.5260869565217391,
          "auc": 0.4296383349761164,
          "auc_type": "binary",
          "positive_class": "romantic"
        },
        "2": {
          "accuracy": 0.5260869565217391,
          "auc": 0.41553567366745014,
          "auc_type": "binary",
          "positive_class": "romantic"
        },
        "3": {
          "accuracy": 0.5260869565217391,
          "auc": 0.5947759496550156,
          "auc_type": "binary",
          "positive_class": "romantic"
        },
        "4": {
          "accuracy": 0.47391304347826085,
          "auc": 0.5825308969595875,
          "auc_type": "binary",
          "positive_class": "romantic"
        },
        "5": {
          "accuracy": 0.48695652173913045,
          "auc": 0.335203578739859,
          "auc_type": "binary",
          "positive_class": "romantic"
        },
        "6": {
          "accuracy": 0.5260869565217391,
          "auc": 0.20964440063689438,
          "auc_type": "binary",
          "positive_class": "romantic"
        },
        "7": {
          "accuracy": 0.5260869565217391,
          "auc": 0.6141102433846387,
          "auc_type": "binary",
          "positive_class": "romantic"
        },
        "8": {
          "accuracy": 0.4652173913043478,
          "auc": 0.4720979604215635,
          "auc_type": "binary",
          "positive_class": "romantic"
        },
        "9": {
          "accuracy": 0.5260869565217391,
          "auc": 0.4468875578133293,
          "auc_type": "binary",
          "positive_class": "romantic"
        },
        "10": {
          "accuracy": 0.5260869565217391,
          "auc": 0.5274471150200924,
          "auc_type": "binary",
          "positive_class": "romantic"
        },
        "11": {
          "accuracy": 0.5260869565217391,
          "auc": 0.5022367124118584,
          "auc_type": "binary",
          "positive_class": "romantic"
        },
        "12": {
          "accuracy": 0.5260869565217391,
          "auc": 0.5930320721813632,
          "auc_type": "binary",
          "positive_class": "romantic"
        },
        "13": {
          "accuracy": 0.5260869565217391,
          "auc": 0.5078474486314353,
          "auc_type": "binary",
          "positive_class": "romantic"
        },
        "14": {
          "accuracy": 0.5260869565217391,
          "auc": 0.28417620744559857,
          "auc_type": "binary",
          "positive_class": "romantic"
        },
        "15": {
          "accuracy": 0.5260869565217391,
          "auc": 0.13742512699977252,
          "auc_type": "binary",
          "positive_class": "romantic"
        },
        "16": {
          "accuracy": 0.4652173913043478,
          "auc": 0.17620744559860488,
          "auc_type": "binary",
          "positive_class": "romantic"
        },
        "17": {
          "accuracy": 0.47391304347826085,
          "auc": 0.7692016074001061,
          "auc_type": "binary",
          "positive_class": "romantic"
        },
        "18": {
          "accuracy": 0.47391304347826085,
          "auc": 0.7855788915004929,
          "auc_type": "binary",
          "positive_class": "romantic"
        },
        "19": {
          "accuracy": 0.4782608695652174,
          "auc": 0.9414663734930625,
          "auc_type": "binary",
          "positive_class": "romantic"
        },
        "20": {
          "accuracy": 0.4826086956521739,
          "auc": 0.9175070134202745,
          "auc_type": "binary",
          "positive_class": "romantic"
        },
        "21": {
          "accuracy": 0.8565217391304348,
          "auc": 0.9850253999545077,
          "auc_type": "binary",
          "positive_class": "romantic"
        },
        "22": {
          "accuracy": 0.9260869565217391,
          "auc": 0.9839259989385094,
          "auc_type": "binary",
          "positive_class": "romantic"
        },
        "23": {
          "accuracy": 0.9304347826086956,
          "auc": 0.9844567442565775,
          "auc_type": "binary",
          "positive_class": "romantic"
        },
        "24": {
          "accuracy": 0.9304347826086956,
          "auc": 0.9844188338767155,
          "auc_type": "binary",
          "positive_class": "romantic"
        }
      },
      "crystallization": {
        "auc_0.90": 19,
        "auc_0.95": 21,
        "auc_0.98": 21,
        "accuracy_0.90": 22,
        "accuracy_0.95": null
      },
      "final_accuracy": 0.9304347826086956,
      "final_auc": 0.9844188338767155
    }
  }
}