{
  "model_path": "/home/biff/eng/ollm/models/k2_love_dedicated_baseline_seed456",
  "test_data_path": "data/k2_love/O/test.jsonl",
  "n_test": 230,
  "run_config": {
    "task": "k2_love",
    "variant": "dedicated_baseline",
    "alpha": null,
    "vocab_mode": null,
    "seed": 456,
    "n_classes": 2,
    "labels": [
      "romantic",
      "non-romantic"
    ]
  },
  "timestamp": "2026-02-04T15:53:26.181663",
  "evaluations": {
    "basic": {
      "mode": "basic",
      "accuracy": 0.9478260869565217,
      "correct": 218,
      "total": 230,
      "per_class_accuracy": {
        "romantic": 0.9669421487603306,
        "non-romantic": 0.926605504587156
      },
      "auc": 0.9886268860413981,
      "auc_type": "binary",
      "positive_class": "romantic",
      "confusion_matrix": [
        [
          117,
          4
        ],
        [
          8,
          101
        ]
      ],
      "label_order": [
        "romantic",
        "non-romantic"
      ]
    },
    "calibration": {
      "mode": "calibration",
      "ece": 0.04379576719680421,
      "mce": 0.77401046902587,
      "brier_score": 0.09151826893784687,
      "n_bins": 10,
      "bin_data": [
        {
          "bin_lower": 0.5,
          "bin_upper": 0.6000000000000001,
          "count": 4,
          "avg_confidence": 0.5360638318396845,
          "avg_accuracy": 0.75,
          "error": 0.21393616816031547
        },
        {
          "bin_lower": 0.7000000000000001,
          "bin_upper": 0.8,
          "count": 2,
          "avg_confidence": 0.77401046902587,
          "avg_accuracy": 0.0,
          "error": 0.77401046902587
        },
        {
          "bin_lower": 0.8,
          "bin_upper": 0.9,
          "count": 5,
          "avg_confidence": 0.8645909552046731,
          "avg_accuracy": 0.6,
          "error": 0.26459095520467313
        },
        {
          "bin_lower": 0.9,
          "bin_upper": 1.0,
          "count": 219,
          "avg_confidence": 0.9970150962034182,
          "avg_accuracy": 0.9680365296803652,
          "error": 0.028978566523052973
        }
      ],
      "mean_confidence": 0.9841805961303582,
      "mean_accuracy": 0.9478260869565217
    },
    "layerwise": {
      "mode": "layerwise",
      "n_layers": 24,
      "layer_metrics": {
        "0": {
          "accuracy": 0.5260869565217391,
          "auc": 0.5,
          "auc_type": "binary",
          "positive_class": "romantic"
        },
        "1": {
          "accuracy": 0.5260869565217391,
          "auc": 0.5097808780043976,
          "auc_type": "binary",
          "positive_class": "romantic"
        },
        "2": {
          "accuracy": 0.5260869565217391,
          "auc": 0.3894154219425279,
          "auc_type": "binary",
          "positive_class": "romantic"
        },
        "3": {
          "accuracy": 0.5260869565217391,
          "auc": 0.44112518007430435,
          "auc_type": "binary",
          "positive_class": "romantic"
        },
        "4": {
          "accuracy": 0.5260869565217391,
          "auc": 0.43312608992342105,
          "auc_type": "binary",
          "positive_class": "romantic"
        },
        "5": {
          "accuracy": 0.5260869565217391,
          "auc": 0.335544772158617,
          "auc_type": "binary",
          "positive_class": "romantic"
        },
        "6": {
          "accuracy": 0.5260869565217391,
          "auc": 0.32883463492304194,
          "auc_type": "binary",
          "positive_class": "romantic"
        },
        "7": {
          "accuracy": 0.5260869565217391,
          "auc": 0.6117977102130563,
          "auc_type": "binary",
          "positive_class": "romantic"
        },
        "8": {
          "accuracy": 0.5173913043478261,
          "auc": 0.5401091818940026,
          "auc_type": "binary",
          "positive_class": "romantic"
        },
        "9": {
          "accuracy": 0.5260869565217391,
          "auc": 0.3290620972022139,
          "auc_type": "binary",
          "positive_class": "romantic"
        },
        "10": {
          "accuracy": 0.5260869565217391,
          "auc": 0.3825157328076427,
          "auc_type": "binary",
          "positive_class": "romantic"
        },
        "11": {
          "accuracy": 0.5260869565217391,
          "auc": 0.34551520206232467,
          "auc_type": "binary",
          "positive_class": "romantic"
        },
        "12": {
          "accuracy": 0.5260869565217391,
          "auc": 0.32709075744938965,
          "auc_type": "binary",
          "positive_class": "romantic"
        },
        "13": {
          "accuracy": 0.5260869565217391,
          "auc": 0.19937068769429064,
          "auc_type": "binary",
          "positive_class": "romantic"
        },
        "14": {
          "accuracy": 0.5260869565217391,
          "auc": 0.18102206384107966,
          "auc_type": "binary",
          "positive_class": "romantic"
        },
        "15": {
          "accuracy": 0.4956521739130435,
          "auc": 0.5228599590567897,
          "auc_type": "binary",
          "positive_class": "romantic"
        },
        "16": {
          "accuracy": 0.47391304347826085,
          "auc": 0.4488209871862916,
          "auc_type": "binary",
          "positive_class": "romantic"
        },
        "17": {
          "accuracy": 0.6391304347826087,
          "auc": 0.9031768898324362,
          "auc_type": "binary",
          "positive_class": "romantic"
        },
        "18": {
          "accuracy": 0.7434782608695653,
          "auc": 0.9350216089165213,
          "auc_type": "binary",
          "positive_class": "romantic"
        },
        "19": {
          "accuracy": 0.6869565217391305,
          "auc": 0.9460914398362271,
          "auc_type": "binary",
          "positive_class": "romantic"
        },
        "20": {
          "accuracy": 0.8347826086956521,
          "auc": 0.9120479187201456,
          "auc_type": "binary",
          "positive_class": "romantic"
        },
        "21": {
          "accuracy": 0.9391304347826087,
          "auc": 0.9768746682841762,
          "auc_type": "binary",
          "positive_class": "romantic"
        },
        "22": {
          "accuracy": 0.908695652173913,
          "auc": 0.9784669042383805,
          "auc_type": "binary",
          "positive_class": "romantic"
        },
        "23": {
          "accuracy": 0.9347826086956522,
          "auc": 0.9846083857760255,
          "auc_type": "binary",
          "positive_class": "romantic"
        },
        "24": {
          "accuracy": 0.9434782608695652,
          "auc": 0.9890439002198802,
          "auc_type": "binary",
          "positive_class": "romantic"
        }
      },
      "crystallization": {
        "auc_0.90": 17,
        "auc_0.95": 21,
        "auc_0.98": 23,
        "accuracy_0.90": 21,
        "accuracy_0.95": null
      },
      "final_accuracy": 0.9434782608695652,
      "final_auc": 0.9890439002198802
    }
  }
}