{
  "model_path": "/home/biff/eng/ollm/models/k4_support_ddc_a065_seed123",
  "test_data_path": "data/k4_support/test.jsonl",
  "n_test": 120,
  "run_config": {
    "task": "k4_support",
    "variant": "ddc",
    "alpha": 0.65,
    "vocab_mode": null,
    "seed": 123,
    "n_classes": 4,
    "labels": [
      "emotional",
      "practical",
      "ideological",
      "structural"
    ]
  },
  "timestamp": "2026-02-04T15:56:16.336790",
  "evaluations": {
    "basic": {
      "mode": "basic",
      "accuracy": 0.9583333333333334,
      "correct": 115,
      "total": 120,
      "per_class_accuracy": {
        "emotional": 0.9333333333333333,
        "practical": 0.9666666666666667,
        "ideological": 0.9333333333333333,
        "structural": 1.0
      },
      "macro_auc": 0.9973148148148148,
      "per_class_auc": {
        "emotional": 0.9985185185185186,
        "practical": 0.9977777777777779,
        "ideological": 0.9940740740740741,
        "structural": 0.9988888888888889
      },
      "auc_type": "macro_ovr",
      "confusion_matrix": [
        [
          28,
          0,
          2,
          0
        ],
        [
          0,
          29,
          0,
          1
        ],
        [
          0,
          2,
          28,
          0
        ],
        [
          0,
          0,
          0,
          30
        ]
      ],
      "label_order": [
        "emotional",
        "practical",
        "ideological",
        "structural"
      ]
    },
    "calibration": {
      "mode": "calibration",
      "ece": 0.041312288356225295,
      "mce": 0.1277133573983763,
      "brier_score": 0.08073320051000563,
      "n_bins": 10,
      "bin_data": [
        {
          "bin_lower": 0.8,
          "bin_upper": 0.9,
          "count": 1,
          "avg_confidence": 0.8722866426016237,
          "avg_accuracy": 1.0,
          "error": 0.1277133573983763
        },
        {
          "bin_lower": 0.9,
          "bin_upper": 1.0,
          "count": 119,
          "avg_confidence": 0.9985694222298207,
          "avg_accuracy": 0.957983193277311,
          "error": 0.04058622895250974
        }
      ],
      "mean_confidence": 0.9975170657329193,
      "mean_accuracy": 0.9583333333333334
    },
    "layerwise": {
      "mode": "layerwise",
      "n_layers": 24,
      "layer_metrics": {
        "0": {
          "accuracy": 0.25,
          "macro_auc": 0.5,
          "per_class_auc": {
            "emotional": 0.5,
            "practical": 0.5,
            "ideological": 0.5,
            "structural": 0.5
          },
          "auc_type": "macro_ovr"
        },
        "1": {
          "accuracy": 0.25,
          "macro_auc": 0.48120370370370374,
          "per_class_auc": {
            "emotional": 0.53,
            "practical": 0.4822222222222222,
            "ideological": 0.4488888888888889,
            "structural": 0.4637037037037037
          },
          "auc_type": "macro_ovr"
        },
        "2": {
          "accuracy": 0.25,
          "macro_auc": 0.5174074074074074,
          "per_class_auc": {
            "emotional": 0.552962962962963,
            "practical": 0.5381481481481482,
            "ideological": 0.5388888888888889,
            "structural": 0.43962962962962965
          },
          "auc_type": "macro_ovr"
        },
        "3": {
          "accuracy": 0.25,
          "macro_auc": 0.49490740740740746,
          "per_class_auc": {
            "emotional": 0.5014814814814815,
            "practical": 0.49296296296296294,
            "ideological": 0.512962962962963,
            "structural": 0.4722222222222222
          },
          "auc_type": "macro_ovr"
        },
        "4": {
          "accuracy": 0.25,
          "macro_auc": 0.4767592592592592,
          "per_class_auc": {
            "emotional": 0.372962962962963,
            "practical": 0.49629629629629624,
            "ideological": 0.5392592592592592,
            "structural": 0.4985185185185185
          },
          "auc_type": "macro_ovr"
        },
        "5": {
          "accuracy": 0.225,
          "macro_auc": 0.4501851851851852,
          "per_class_auc": {
            "emotional": 0.46703703703703703,
            "practical": 0.5266666666666667,
            "ideological": 0.41629629629629633,
            "structural": 0.39074074074074067
          },
          "auc_type": "macro_ovr"
        },
        "6": {
          "accuracy": 0.25,
          "macro_auc": 0.4531481481481482,
          "per_class_auc": {
            "emotional": 0.4492592592592593,
            "practical": 0.49444444444444446,
            "ideological": 0.4277777777777778,
            "structural": 0.4411111111111111
          },
          "auc_type": "macro_ovr"
        },
        "7": {
          "accuracy": 0.25,
          "macro_auc": 0.5086111111111111,
          "per_class_auc": {
            "emotional": 0.5840740740740741,
            "practical": 0.4788888888888889,
            "ideological": 0.4737037037037037,
            "structural": 0.49777777777777776
          },
          "auc_type": "macro_ovr"
        },
        "8": {
          "accuracy": 0.25,
          "macro_auc": 0.4913888888888889,
          "per_class_auc": {
            "emotional": 0.4944444444444444,
            "practical": 0.5670370370370371,
            "ideological": 0.44259259259259265,
            "structural": 0.4614814814814815
          },
          "auc_type": "macro_ovr"
        },
        "9": {
          "accuracy": 0.25833333333333336,
          "macro_auc": 0.5120370370370371,
          "per_class_auc": {
            "emotional": 0.5203703703703704,
            "practical": 0.4737037037037037,
            "ideological": 0.512962962962963,
            "structural": 0.5411111111111111
          },
          "auc_type": "macro_ovr"
        },
        "10": {
          "accuracy": 0.25,
          "macro_auc": 0.525462962962963,
          "per_class_auc": {
            "emotional": 0.5644444444444445,
            "practical": 0.48888888888888893,
            "ideological": 0.4914814814814815,
            "structural": 0.557037037037037
          },
          "auc_type": "macro_ovr"
        },
        "11": {
          "accuracy": 0.25,
          "macro_auc": 0.5057407407407407,
          "per_class_auc": {
            "emotional": 0.5544444444444444,
            "practical": 0.5307407407407407,
            "ideological": 0.47962962962962963,
            "structural": 0.45814814814814814
          },
          "auc_type": "macro_ovr"
        },
        "12": {
          "accuracy": 0.25,
          "macro_auc": 0.5402777777777779,
          "per_class_auc": {
            "emotional": 0.5448148148148149,
            "practical": 0.5407407407407407,
            "ideological": 0.5462962962962963,
            "structural": 0.5292592592592593
          },
          "auc_type": "macro_ovr"
        },
        "13": {
          "accuracy": 0.25,
          "macro_auc": 0.5710185185185185,
          "per_class_auc": {
            "emotional": 0.5725925925925927,
            "practical": 0.5585185185185185,
            "ideological": 0.5425925925925925,
            "structural": 0.6103703703703703
          },
          "auc_type": "macro_ovr"
        },
        "14": {
          "accuracy": 0.25,
          "macro_auc": 0.5296296296296297,
          "per_class_auc": {
            "emotional": 0.562962962962963,
            "practical": 0.5581481481481482,
            "ideological": 0.5966666666666667,
            "structural": 0.40074074074074073
          },
          "auc_type": "macro_ovr"
        },
        "15": {
          "accuracy": 0.25,
          "macro_auc": 0.8337962962962964,
          "per_class_auc": {
            "emotional": 0.9366666666666666,
            "practical": 0.6029629629629629,
            "ideological": 0.8485185185185186,
            "structural": 0.9470370370370371
          },
          "auc_type": "macro_ovr"
        },