{
  "model_path": "/home/biff/eng/ollm/models/k4_support_vocab_flat_seed123",
  "test_data_path": "data/k4_support/test.jsonl",
  "n_test": 120,
  "run_config": {
    "task": "k4_support",
    "variant": "vocab_baseline",
    "alpha": null,
    "vocab_mode": "flat",
    "seed": 123,
    "n_classes": 4,
    "labels": [
      "emotional",
      "practical",
      "ideological",
      "structural"
    ]
  },
  "timestamp": "2026-02-04T16:05:45.454844",
  "evaluations": {
    "basic": {
      "mode": "basic",
      "accuracy": 0.9583333333333334,
      "correct": 115,
      "total": 120,
      "per_class_accuracy": {
        "emotional": 0.9,
        "practical": 0.9666666666666667,
        "ideological": 1.0,
        "structural": 0.9666666666666667
      },
      "macro_auc": 0.9985185185185186,
      "per_class_auc": {
        "emotional": 0.9981481481481482,
        "practical": 0.997037037037037,
        "ideological": 1.0,
        "structural": 0.9988888888888889
      },
      "auc_type": "macro_ovr",
      "confusion_matrix": [
        [
          27,
          2,
          0,
          1
        ],
        [
          0,
          29,
          0,
          1
        ],
        [
          0,
          0,
          30,
          0
        ],
        [
          0,
          1,
          0,
          29
        ]
      ],
      "label_order": [
        "emotional",
        "practical",
        "ideological",
        "structural"
      ]
    },
    "calibration": {
      "mode": "calibration",
      "ece": 0.04027448314284551,
      "mce": 0.6223941153477615,
      "brier_score": 0.07615343228085354,
      "n_bins": 10,
      "bin_data": [
        {
          "bin_lower": 0.5,
          "bin_upper": 0.6000000000000001,
          "count": 1,
          "avg_confidence": 0.5467080412220024,
          "avg_accuracy": 1.0,
          "error": 0.45329195877799755
        },
        {
          "bin_lower": 0.6000000000000001,
          "bin_upper": 0.7000000000000001,
          "count": 1,
          "avg_confidence": 0.6223941153477615,
          "avg_accuracy": 0.0,
          "error": 0.6223941153477615
        },
        {
          "bin_lower": 0.7000000000000001,
          "bin_upper": 0.8,
          "count": 1,
          "avg_confidence": 0.7153907963540656,
          "avg_accuracy": 1.0,
          "error": 0.28460920364593445
        },
        {
          "bin_lower": 0.9,
          "bin_upper": 1.0,
          "count": 117,
          "avg_confidence": 0.9954926726441861,
          "avg_accuracy": 0.9658119658119658,
          "error": 0.02968070683222024
        }
      ],
      "mean_confidence": 0.9863094637691134,
      "mean_accuracy": 0.9583333333333334
    },
    "layerwise": {
      "mode": "layerwise",
      "n_layers": 24,
      "layer_metrics": {
        "0": {
          "accuracy": 0.25,
          "macro_auc": 0.5,
          "per_class_auc": {
            "emotional": 0.5,
            "practical": 0.5,
            "ideological": 0.5,
            "structural": 0.5
          },
          "auc_type": "macro_ovr"
        },
        "1": {
          "accuracy": 0.24166666666666667,
          "macro_auc": 0.4657407407407408,
          "per_class_auc": {
            "emotional": 0.3614814814814815,
            "practical": 0.5974074074074074,
            "ideological": 0.45666666666666667,
            "structural": 0.44740740740740736
          },
          "auc_type": "macro_ovr"
        },
        "2": {
          "accuracy": 0.25,
          "macro_auc": 0.5149999999999999,
          "per_class_auc": {
            "emotional": 0.5788888888888889,
            "practical": 0.5103703703703704,
            "ideological": 0.4474074074074075,
            "structural": 0.5233333333333332
          },
          "auc_type": "macro_ovr"
        },
        "3": {
          "accuracy": 0.25,
          "macro_auc": 0.49287037037037035,
          "per_class_auc": {
            "emotional": 0.51,
            "practical": 0.42037037037037034,
            "ideological": 0.5459259259259259,
            "structural": 0.4951851851851852
          },
          "auc_type": "macro_ovr"
        },
        "4": {
          "accuracy": 0.25,
          "macro_auc": 0.5038888888888888,
          "per_class_auc": {
            "emotional": 0.537037037037037,
            "practical": 0.5281481481481481,
            "ideological": 0.4459259259259259,
            "structural": 0.5044444444444445
          },
          "auc_type": "macro_ovr"
        },
        "5": {
          "accuracy": 0.25,
          "macro_auc": 0.5314814814814814,
          "per_class_auc": {
            "emotional": 0.49666666666666665,
            "practical": 0.5703703703703704,
            "ideological": 0.5774074074074074,
            "structural": 0.48148148148148145
          },
          "auc_type": "macro_ovr"
        },
        "6": {
          "accuracy": 0.24166666666666667,
          "macro_auc": 0.5129629629629631,
          "per_class_auc": {
            "emotional": 0.5066666666666667,
            "practical": 0.567037037037037,
            "ideological": 0.47814814814814816,
            "structural": 0.5
          },
          "auc_type": "macro_ovr"
        },
        "7": {
          "accuracy": 0.25833333333333336,
          "macro_auc": 0.51,
          "per_class_auc": {
            "emotional": 0.56,
            "practical": 0.5314814814814814,
            "ideological": 0.38296296296296295,
            "structural": 0.5655555555555556
          },
          "auc_type": "macro_ovr"
        },
        "8": {
          "accuracy": 0.25,
          "macro_auc": 0.5200925925925926,
          "per_class_auc": {
            "emotional": 0.5229629629629629,
            "practical": 0.4981481481481482,
            "ideological": 0.47111111111111115,
            "structural": 0.5881481481481481
          },
          "auc_type": "macro_ovr"
        },
        "9": {
          "accuracy": 0.25,
          "macro_auc": 0.5420370370370371,
          "per_class_auc": {
            "emotional": 0.46925925925925926,
            "practical": 0.5451851851851851,
            "ideological": 0.5951851851851852,
            "structural": 0.5585185185185185
          },
          "auc_type": "macro_ovr"
        },
        "10": {
          "accuracy": 0.25,
          "macro_auc": 0.5125,
          "per_class_auc": {
            "emotional": 0.44185185185185183,
            "practical": 0.582962962962963,
            "ideological": 0.5125925925925926,
            "structural": 0.5125925925925927
          },
          "auc_type": "macro_ovr"
        },
        "11": {
          "accuracy": 0.25,
          "macro_auc": 0.5062962962962964,
          "per_class_auc": {
            "emotional": 0.4985185185185185,
            "practical": 0.4974074074074074,
            "ideological": 0.4874074074074074,
            "structural": 0.5418518518518519
          },
          "auc_type": "macro_ovr"
        },
        "12": {
          "accuracy": 0.25,
          "macro_auc": 0.46620370370370373,
          "per_class_auc": {
            "emotional": 0.46444444444444444,
            "practical": 0.452962962962963,
            "ideological": 0.4822222222222222,
            "structural": 0.4651851851851852
          },
          "auc_type": "macro_ovr"
        },
        "13": {
          "accuracy": 0.25,
          "macro_auc": 0.5409259259259259,
          "per_class_auc": {
            "emotional": 0.5174074074074074,
            "practical": 0.5974074074074074,
            "ideological": 0.552962962962963,
            "structural": 0.4959259259259259
          },
          "auc_type": "macro_ovr"
        },
        "14": {
          "accuracy": 0.26666666666666666,
          "macro_auc": 0.562962962962963,
          "per_class_auc": {
            "emotional": 0.5562962962962963,
            "practical": 0.5533333333333333,
            "ideological": 0.5833333333333333,