{
  "model_path": "/home/biff/eng/ollm/models/k4_support_dedicated_baseline_seed123",
  "test_data_path": "data/k4_support/test.jsonl",
  "n_test": 120,
  "run_config": {
    "task": "k4_support",
    "variant": "dedicated_baseline",
    "alpha": null,
    "vocab_mode": null,
    "seed": 123,
    "n_classes": 4,
    "labels": [
      "emotional",
      "practical",
      "ideological",
      "structural"
    ]
  },
  "timestamp": "2026-02-04T16:16:13.755067",
  "evaluations": {
    "basic": {
      "mode": "basic",
      "accuracy": 0.975,
      "correct": 117,
      "total": 120,
      "per_class_accuracy": {
        "emotional": 0.9333333333333333,
        "practical": 0.9666666666666667,
        "ideological": 1.0,
        "structural": 1.0
      },
      "macro_auc": 0.9987037037037036,
      "per_class_auc": {
        "emotional": 0.9981481481481481,
        "practical": 0.9988888888888889,
        "ideological": 0.9988888888888888,
        "structural": 0.9988888888888889
      },
      "auc_type": "macro_ovr",
      "confusion_matrix": [
        [
          28,
          0,
          2,
          0
        ],
        [
          0,
          29,
          0,
          1
        ],
        [
          0,
          0,
          30,
          0
        ],
        [
          0,
          0,
          0,
          30
        ]
      ],
      "label_order": [
        "emotional",
        "practical",
        "ideological",
        "structural"
      ]
    },
    "calibration": {
      "mode": "calibration",
      "ece": 0.028923339915094215,
      "mce": 0.38126360524984293,
      "brier_score": 0.052715119633914065,
      "n_bins": 10,
      "bin_data": [
        {
          "bin_lower": 0.6000000000000001,
          "bin_upper": 0.7000000000000001,
          "count": 1,
          "avg_confidence": 0.6187363947501571,
          "avg_accuracy": 1.0,
          "error": 0.38126360524984293
        },
        {
          "bin_lower": 0.7000000000000001,
          "bin_upper": 0.8,
          "count": 1,
          "avg_confidence": 0.7677357871137102,
          "avg_accuracy": 1.0,
          "error": 0.23226421288628984
        },
        {
          "bin_lower": 0.8,
          "bin_upper": 0.9,
          "count": 1,
          "avg_confidence": 0.8959475456265946,
          "avg_accuracy": 1.0,
          "error": 0.10405245437340538
        },
        {
          "bin_lower": 0.9,
          "bin_upper": 1.0,
          "count": 117,
          "avg_confidence": 0.9978907736521518,
          "avg_accuracy": 0.9743589743589743,
          "error": 0.023531799293177502
        }
      ],
      "mean_confidence": 0.9919636687066019,
      "mean_accuracy": 0.975
    },
    "layerwise": {
      "mode": "layerwise",
      "n_layers": 24,
      "layer_metrics": {
        "0": {
          "accuracy": 0.25,
          "macro_auc": 0.5,
          "per_class_auc": {
            "emotional": 0.5,
            "practical": 0.5,
            "ideological": 0.5,
            "structural": 0.5
          },
          "auc_type": "macro_ovr"
        },
        "1": {
          "accuracy": 0.25,
          "macro_auc": 0.46879629629629627,
          "per_class_auc": {
            "emotional": 0.5222222222222221,
            "practical": 0.4535185185185185,
            "ideological": 0.47944444444444445,
            "structural": 0.42
          },
          "auc_type": "macro_ovr"
        },
        "2": {
          "accuracy": 0.25,
          "macro_auc": 0.5278703703703703,
          "per_class_auc": {
            "emotional": 0.56,
            "practical": 0.5485185185185185,
            "ideological": 0.5618518518518518,
            "structural": 0.4411111111111111
          },
          "auc_type": "macro_ovr"
        },
        "3": {
          "accuracy": 0.25,
          "macro_auc": 0.45851851851851855,
          "per_class_auc": {
            "emotional": 0.4829629629629629,
            "practical": 0.42740740740740746,
            "ideological": 0.5051851851851852,
            "structural": 0.4185185185185185
          },
          "auc_type": "macro_ovr"
        },
        "4": {
          "accuracy": 0.25,
          "macro_auc": 0.4962962962962963,
          "per_class_auc": {
            "emotional": 0.5507407407407408,
            "practical": 0.4948148148148149,
            "ideological": 0.5266666666666666,
            "structural": 0.412962962962963
          },
          "auc_type": "macro_ovr"
        },
        "5": {
          "accuracy": 0.25,
          "macro_auc": 0.47490740740740744,
          "per_class_auc": {
            "emotional": 0.4325925925925926,
            "practical": 0.6014814814814815,
            "ideological": 0.5114814814814814,
            "structural": 0.3540740740740741
          },
          "auc_type": "macro_ovr"
        },
        "6": {
          "accuracy": 0.25,
          "macro_auc": 0.489074074074074,
          "per_class_auc": {
            "emotional": 0.5344444444444444,
            "practical": 0.4748148148148148,
            "ideological": 0.4585185185185185,
            "structural": 0.48851851851851846
          },
          "auc_type": "macro_ovr"
        },
        "7": {
          "accuracy": 0.25,
          "macro_auc": 0.5094444444444444,
          "per_class_auc": {
            "emotional": 0.5485185185185185,
            "practical": 0.4925925925925925,
            "ideological": 0.49629629629629635,
            "structural": 0.5003703703703704
          },
          "auc_type": "macro_ovr"
        },
        "8": {
          "accuracy": 0.25,
          "macro_auc": 0.4746296296296296,
          "per_class_auc": {
            "emotional": 0.40851851851851856,
            "practical": 0.5044444444444445,
            "ideological": 0.47925925925925916,
            "structural": 0.5062962962962962
          },
          "auc_type": "macro_ovr"
        },
        "9": {
          "accuracy": 0.25,
          "macro_auc": 0.5241666666666667,
          "per_class_auc": {
            "emotional": 0.48074074074074075,
            "practical": 0.49740740740740746,
            "ideological": 0.5362962962962963,
            "structural": 0.5822222222222222
          },
          "auc_type": "macro_ovr"
        },
        "10": {
          "accuracy": 0.25,
          "macro_auc": 0.502962962962963,
          "per_class_auc": {
            "emotional": 0.508888888888889,
            "practical": 0.4296296296296297,
            "ideological": 0.4848148148148148,
            "structural": 0.5885185185185186
          },
          "auc_type": "macro_ovr"
        },
        "11": {
          "accuracy": 0.25,
          "macro_auc": 0.5517592592592593,
          "per_class_auc": {
            "emotional": 0.4759259259259259,
            "practical": 0.5925925925925926,
            "ideological": 0.5344444444444445,
            "structural": 0.604074074074074
          },
          "auc_type": "macro_ovr"
        },
        "12": {
          "accuracy": 0.25,
          "macro_auc": 0.5327777777777778,
          "per_class_auc": {
            "emotional": 0.5929629629629629,
            "practical": 0.42888888888888893,
            "ideological": 0.5140740740740741,
            "structural": 0.5951851851851853
          },
          "auc_type": "macro_ovr"
        },
        "13": {
          "accuracy": 0.26666666666666666,
          "macro_auc": 0.6099074074074075,
          "per_class_auc": {
            "emotional": 0.7396296296296296,
            "practical": 0.42592592592592593,
            "ideological": 0.6759259259259259,
            "structural": 0.5981481481481481
          },
          "auc_type": "macro_ovr"
        },
        "14": {
          "accuracy": 0.25,
          "macro_auc": 0.5881481481481481,
          "per_class_auc": {
            "emotional": 0.554074074074074,
            "practical": 0.4907407407407408,
            "ideological": 0.6955555555555555,