{
  "model_path": "/home/biff/eng/ollm/models/k4_support_dedicated_baseline_seed456",
  "test_data_path": "data/k4_support/test.jsonl",
  "n_test": 120,
  "run_config": {
    "task": "k4_support",
    "variant": "dedicated_baseline",
    "alpha": null,
    "vocab_mode": null,
    "seed": 456,
    "n_classes": 4,
    "labels": [
      "emotional",
      "practical",
      "ideological",
      "structural"
    ]
  },
  "timestamp": "2026-02-04T16:18:06.610213",
  "evaluations": {
    "basic": {
      "mode": "basic",
      "accuracy": 0.975,
      "correct": 117,
      "total": 120,
      "per_class_accuracy": {
        "emotional": 0.9666666666666667,
        "practical": 0.9666666666666667,
        "ideological": 0.9666666666666667,
        "structural": 1.0
      },
      "macro_auc": 0.9984259259259259,
      "per_class_auc": {
        "emotional": 0.9981481481481481,
        "practical": 0.9988888888888889,
        "ideological": 0.9974074074074074,
        "structural": 0.9992592592592593
      },
      "auc_type": "macro_ovr",
      "confusion_matrix": [
        [
          29,
          0,
          1,
          0
        ],
        [
          0,
          29,
          0,
          1
        ],
        [
          0,
          1,
          29,
          0
        ],
        [
          0,
          0,
          0,
          30
        ]
      ],
      "label_order": [
        "emotional",
        "practical",
        "ideological",
        "structural"
      ]
    },
    "calibration": {
      "mode": "calibration",
      "ece": 0.027899433495883308,
      "mce": 0.4111186765777247,
      "brier_score": 0.05181861638663743,
      "n_bins": 10,
      "bin_data": [
        {
          "bin_lower": 0.5,
          "bin_upper": 0.6000000000000001,
          "count": 1,
          "avg_confidence": 0.5888813234222753,
          "avg_accuracy": 1.0,
          "error": 0.4111186765777247
        },
        {
          "bin_lower": 0.8,
          "bin_upper": 0.9,
          "count": 1,
          "avg_confidence": 0.8814805316814088,
          "avg_accuracy": 1.0,
          "error": 0.11851946831859117
        },
        {
          "bin_lower": 0.9,
          "bin_upper": 1.0,
          "count": 118,
          "avg_confidence": 0.9984601175814379,
          "avg_accuracy": 0.9745762711864406,
          "error": 0.0238838463949973
        }
      ],
      "mean_confidence": 0.9940721310809446,
      "mean_accuracy": 0.975
    },
    "layerwise": {
      "mode": "layerwise",
      "n_layers": 24,
      "layer_metrics": {
        "0": {
          "accuracy": 0.25,
          "macro_auc": 0.5,
          "per_class_auc": {
            "emotional": 0.5,
            "practical": 0.5,
            "ideological": 0.5,
            "structural": 0.5
          },
          "auc_type": "macro_ovr"
        },
        "1": {
          "accuracy": 0.25,
          "macro_auc": 0.4782407407407407,
          "per_class_auc": {
            "emotional": 0.4637037037037037,
            "practical": 0.4766666666666667,
            "ideological": 0.5014814814814814,
            "structural": 0.4711111111111111
          },
          "auc_type": "macro_ovr"
        },
        "2": {
          "accuracy": 0.25,
          "macro_auc": 0.5582407407407407,
          "per_class_auc": {
            "emotional": 0.5744444444444444,
            "practical": 0.617037037037037,
            "ideological": 0.48444444444444446,
            "structural": 0.557037037037037
          },
          "auc_type": "macro_ovr"
        },
        "3": {
          "accuracy": 0.25,
          "macro_auc": 0.5229629629629631,
          "per_class_auc": {
            "emotional": 0.5981481481481482,
            "practical": 0.4659259259259259,
            "ideological": 0.46259259259259256,
            "structural": 0.5651851851851852
          },
          "auc_type": "macro_ovr"
        },
        "4": {
          "accuracy": 0.25,
          "macro_auc": 0.525,
          "per_class_auc": {
            "emotional": 0.5718518518518518,
            "practical": 0.45296296296296296,
            "ideological": 0.5433333333333334,
            "structural": 0.5318518518518519
          },
          "auc_type": "macro_ovr"
        },
        "5": {
          "accuracy": 0.25,
          "macro_auc": 0.5138888888888888,
          "per_class_auc": {
            "emotional": 0.537037037037037,
            "practical": 0.5303703703703704,
            "ideological": 0.46925925925925926,
            "structural": 0.518888888888889
          },
          "auc_type": "macro_ovr"
        },
        "6": {
          "accuracy": 0.25,
          "macro_auc": 0.5143518518518518,
          "per_class_auc": {
            "emotional": 0.4907407407407407,
            "practical": 0.5014814814814814,
            "ideological": 0.48444444444444446,
            "structural": 0.5807407407407408
          },
          "auc_type": "macro_ovr"
        },
        "7": {
          "accuracy": 0.25,
          "macro_auc": 0.5091666666666667,
          "per_class_auc": {
            "emotional": 0.5014814814814814,
            "practical": 0.49037037037037035,
            "ideological": 0.538888888888889,
            "structural": 0.5059259259259259
          },
          "auc_type": "macro_ovr"
        },
        "8": {
          "accuracy": 0.25,
          "macro_auc": 0.5172222222222222,
          "per_class_auc": {
            "emotional": 0.4962962962962963,
            "practical": 0.5096296296296297,
            "ideological": 0.5814814814814815,
            "structural": 0.4814814814814815
          },
          "auc_type": "macro_ovr"
        },
        "9": {
          "accuracy": 0.25,
          "macro_auc": 0.5060185185185185,
          "per_class_auc": {
            "emotional": 0.55,
            "practical": 0.4851851851851852,
            "ideological": 0.5025925925925926,
            "structural": 0.4862962962962963
          },
          "auc_type": "macro_ovr"
        },
        "10": {
          "accuracy": 0.25,
          "macro_auc": 0.4962962962962963,
          "per_class_auc": {
            "emotional": 0.5237037037037037,
            "practical": 0.42407407407407405,
            "ideological": 0.5085185185185185,
            "structural": 0.528888888888889
          },
          "auc_type": "macro_ovr"
        },
        "11": {
          "accuracy": 0.25,
          "macro_auc": 0.4885185185185186,
          "per_class_auc": {
            "emotional": 0.3611111111111111,
            "practical": 0.5233333333333334,
            "ideological": 0.5218518518518519,
            "structural": 0.5477777777777778
          },
          "auc_type": "macro_ovr"
        },
        "12": {
          "accuracy": 0.25,
          "macro_auc": 0.553611111111111,
          "per_class_auc": {
            "emotional": 0.5722222222222222,
            "practical": 0.6122222222222222,
            "ideological": 0.5218518518518518,
            "structural": 0.5081481481481481
          },
          "auc_type": "macro_ovr"
        },
        "13": {
          "accuracy": 0.25,
          "macro_auc": 0.46898148148148144,
          "per_class_auc": {
            "emotional": 0.2492592592592593,
            "practical": 0.6744444444444444,
            "ideological": 0.38407407407407407,
            "structural": 0.5681481481481482
          },
          "auc_type": "macro_ovr"
        },
        "14": {
          "accuracy": 0.25,
          "macro_auc": 0.5116666666666666,
          "per_class_auc": {
            "emotional": 0.4351851851851851,
            "practical": 0.5577777777777777,
            "ideological": 0.5725925925925925,
            "structural": 0.48111111111111116
          },
          "auc_type": "macro_ovr"
        },
        "15": {
          "accuracy": 0.36666666666666664,
          "macro_auc": 0.5622222222222222,
          "per_class_auc": {
            "emotional": 0.51,
            "practical": 0.8496296296296296,